6;Dornenwand;Level 6 Beschwörung;1 Aktion;36 m;V, G, M;Konzentration, bis zu 10 min;(Handvoll Dornen) Du erschaffst eine Wand aus dornigen Büschen.<br>Sie erscheint auf einer Oberfläche in Reichweite und bleibt für die Wirkungsdauer bestehen. Die Wand kann bis zu 18 m lang, 3 m hoch und 1,5 m dick sein, als Ring max. 6 m Durchmesser, 6 m hoch und 1,5 m dick. Die Wand blockiert Sichtlinien.<br>Jede Kreatur im Bereich der Wand bei Erscheinen muss einen DEX-Rettungswurf machen.<br>Bei Fehlschlag: 7W8 Stichschaden, sonst die Hälfte<br>Eine Kreatur kann die Dornen durchdringen muss aber pro 1,5 m in der Wand 3 m ihrer Geschwindigkeit aufbringen. Zudem muss eine Kreatur, die die Wand zum ersten Mal betritt oder den Zug darin beendet, einen DEX-Rettungswurf gegen den Schaden machen.<br><br><b>Auf höheren Level gewirkt:</b> pro Level 1W8 mehr Schaden;Stab der Wälder
5;Erwecken;Level 5 Verwandlungsmagie;8 h;Berührung;V, G, M;Unmittelbar;(Achat im Wert von mind. 1.000 GM) Du zeichnest während der Wirkungszeit magische Pfade in den Achat und berührst anschließend ein höchstens riesiges Tier oder eine Pflanze.<br>Das Ziel darf höchstens einen INT-Wert von 3 haben, es erhält einen INT-Wert von 10 und kann eine dir bekannte Sprache sprechen.<br>Eine Pflanze kann Wurzeln, Ranken und ähnliches bewegen und erhält Sinne wie ein Mensch.<br>Das erweckte Ziel ist 30 Tage lang von dir bezaubert. Der Zauber endet, wenn du oder ein Begleiter ihm Schaden zufügen.<br>Die Gesinnung nach Ende der Bezauberung ergibt sich aus der Behandlung, während das Ziel bezaubert war.;Stab der Wälder
3;Mit Pflanzen sprechen;Level 3 Hervorrufung;1 Aktion;Selbst (9 m Sphäre);V, G;10 min;Pflanzen im Abstand von max. 9 m zu dir erlangen begrenztes Bewusstsein. Sie können mit dir kommunizieren und einfache Befehle befolgen, aber sich nicht entwurzeln und frei herumlaufen.<br>Sie kennen die Ereignisse des letzten Tages, wie das Wetter, vorbeiziehende Kreaturen und ähnliches.<br>Die Kommunikation funktioniert, wie als würdet ihr dieselbe Sprache sprechen. Eine magische Beeinflussung der Pflanzen ist nicht möglich.<br>Aufgrund von Pflanzenwachstum schwieriges Terrain wird für die Wirkungsdauer zu normalem Terrain, auch normal zu schwierig möglich.<br>Pflanzen die mittels „Verstricken“ erschaffen wurden, können so festgesetzte Wesen wieder freilassen.;Stab der Wälder
2;Windstoß;Level 2 Hervorrufung;1 Aktion;Selbst (18 m x 3 m Linie);V, G, M;Konzentration, bis zu 1 min;(Samen einer Hülsenfrucht) Für die Wirkungsdauer weht ein starker Wind in einer 18 m langen und 3 m breiten Linie von dir ausgehend in eine Richtung deiner Wahl.<br>Jede Kreatur, die ihren Zug innerhalb des Windes beginnt, muss einen STR-Rettungswurf bestehen oder sie wird 4,5 m entlang der Linie zurückgestoßen.<br>Innerhalb der Linie ist schwieriges Terrain.<br>Der Windstoß zerstreut Dampf oder Gas und löscht Kerzen, Fackeln und ähnliche ungeschützte Flammen. Geschützte Flammen, flackern wild und haben eine 50% Chance gelöscht zu werden.<br>Als Bonus Aktion kannst du in jedem deiner Züge während der Wirkungsdauer die Windrichtung ändern.;Druide
2;Welken und Blühen;Level 2 Nekromantie;1 Aktion;18 m (3 m Sphäre);V, G, M;Unmittelbar;(eine verwelkte Ranke zu einer Schlaufe gedreht) Du erschaffst eine Sphäre mit 3 m Radius, zentriert auf einen Punkt in Reichweite.<br>Jede Kreatur deiner Wahl in der Sphäre muss einen CON-Rettungswurf machen.<br>Bei Fehlschlag: 2W6 nekrotischer Schaden, sonst die Hälfte<br>Zusätzlich kannst du eine Kreatur in der Sphäre wählen, die 2W6 an TP geheilt wird.<br>Nichtmagische Pflanzen in der Sphäre verwelken.;Druide
2;Vorahnung;Level 2 Erkenntnismagie (Ritual);1 min;Selbst;V, G, M;Unmittelbar;(Besondere Stöcke, Knochen o.ä. für mind. 25 GM) Wirf die Stöcke oder Knochen, lege Karten oder nutze ein anderes Hilfsmittel und erhalte ein Omen von einer außerweltlichen Kreatur zu bestimmtem Vorgehen, die in den nächsten 30 min geplant sind.<br>Der DM gibt Wohl, Wehe oder nichts je nach Ergebnis.<br>Der Zauber berücksichtigt keine Umstände, die das Ergebnis ändern könnten (zusätzliche Zauber oder Begleiter Verlust / Gewinn). ;Druide
2;Verschwimmen;Level 2 Illusionsmagie;1 Aktion;Selbst;V;Konzentration, bis zu 1 min;Alle, die dich sehen können, nehmen deinen Körper als unscharf und oszillierend wahr.<br>Während der Wirkungsdauer sind Wesen bei Angriffswürfen gegen dich im Nachteil.<br>Angreifer, die nicht auf ihre Sicht angewiesen sind (Blindsicht) oder Illusionen durchschauen können (Wahrer Blick) sind gegen diesen Effekt immun.;Druide (Trockenes Land)
2;Vergrößern / Verkleinern;Level 2 Verwandlungsmagie;1 Aktion;9 m;V, G, M;Konzentration, bis zu 1 min;(Prise Eisenpulver) Wenn das Ziel eine Kreatur ist, verändert sich auch die Ausrüstung. Wird ein Gegenstand fallen gelassen, kehrt dieser sofort zu seiner normalen Größe zurück.<br><b>Vergrößern:</b> Die Größe des Ziels verdoppelt sich in alle Richtungen und sein Gewicht wird mit 8 multipliziert. Dadurch steigt die Größen-Klasse um 1. Wenn nicht genug Platz vorhanden ist, wird das Wesen so groß wie die Umgebung erlaubt. Bis der Zauber endet ist das Ziel bei allen STR-Würfen im Vorteil. Vergrößerte Waffen fügen 1W4 mehr Schaden zu.<br><b>Verkleinern:</b> Die Größe des Ziels halbiert sich und sein Gewicht wird auf 1/8 verringert. Dadurch verringert sich die Größen-Klasse um 1. Bis der Zauber endet, ist das Ziel bei allen STR-Würfen im Nachteil. Verkleinerte Waffen fügen 1W4 weniger Schaden zu, aber nicht weniger als 1.;Druide
2;Tiersinn;Level 2 Erkenntnismagie (Ritual);1 Aktion;Berührung;G;Konzentration, bis zu 1 h;Du berührst eine willige Kreatur.<br>Für die Wirkungsdauer kannst du mit deiner Aktion durch die Sinne des Tieres seine Umgebung wahrnehmen, bis du mit einer Aktion zu deinen eigenen Sinnen zurückkommst.<br>Während du über die Sinne des Tieres die Umgebung wahrnimmst, bist du für deine eigene Umgebung blind und taub.;Druide
2;Tiere oder Pflanzen aufspüren;Level 2 Erkenntnismagie (Ritual);1 Aktion;Selbst (8 km Sphäre);V, G, M;Unmittelbar;(Stück Bluthund-Fell) Beschreibe oder nenne ein bestimmtes Tier oder eine bestimmte Pflanze.<br>Du erfährst, wie weit entfernt und in welcher Richtung im Umkreis von bis zu 8 km das nächste Tier oder Pflanze dieser Art ist, sofern es existiert.;Druide / Stab der Wälder
2;Tierbote;Level 2 Verzauberung (Ritual);1 Aktion;9 m;V, G, M;24 h;(etwas zu Essen) Ein Tier überbringt für dich eine Nachricht.<br>Wähle ein winziges Tier in Reichweite, das du sehen kannst. Bestimme einen Ort, an dem du schonmal warst, sowie einen Empfänger, der einer allgemeinen Beschreibung entspricht. Dann sprichst du eine Botschaft mit bis zu 25 Wörtern. Das Tier reist für die Wirkungsdauer in Richtung des Zielortes. Ein fliegender Bote legt etwa 80 km zurück, andere etwa 40 km.<br>Am Zielort übermittelt der Bote die Botschaft an den von dir beschriebenen Empfänger, spricht nur mit einer Kreatur, die deiner Beschreibung entspricht.<br>Erreicht das Tier nicht sein Ziel vor Ende der Wirkungsdauer geht die Botschaft verloren und das Tier kehrt an den Ort der Zauberwirkung zurück.<br><b>Auf höheren Level gewirkt:</b> pro Level erhöht sich die Wirkungsdauer um 8 h;Druide
2;Tier beschwören;Level 2 Beschwörung;1 Aktion;27 m;V, G, M;Konzentration, bis zu 1 h;(eine Feder, ein Fellbüschel und ein Fischschwanz in einer vergoldeten Eichel, im Wert von mind. 200 GM) Es erscheint ein Tiergeist an einer freien Stelle in Reichweite. Es nutzt die Tiergeist-Werte. Seine Gestalt ist ähnlich einem Tier aus der von dir gewählten Umwelt (Wasser, Land, Luft). Dies hat einen Einfluss auf bestimmte Eigenschaften des Tiergeistes.<br>Die Kreatur verschwindet wenn seine TP auf 0 fallen oder der Zauber endet.<br>Der Tiergeist ist ein Verbündeter für dich und deine Begleiter. Im Kampf hat er diesselbe Initiative wie du, ist aber immer nach dir dran. Es folgt deinen verbalen Befehlen (ohne Aktion). Ohne einen Befehl macht er immer eine Ausweichen-Aktion und vermeidet Schaden.<br><br><b>Auf höheren Level gewirkt:</b> pro Level bessere Werte und Eigenschaften;Druide
2;Staubteufel;Level 2 Beschwörung;1 Aktion;18 m (1,5 m Würfel);V, G, M;Konzentration, bis zu 1 min;(Prise Staub) Wähle einen unbesetzten Ort mit einem 1,5 m Würfel Luft in Reichweite den du sehen kannst. Ein elementarer Staubteufel erscheint in dem Würfel und hält für die Wirkungsdauer des Zaubers an.<br>Jede Kreatur, die ihren Zug mit 1,5 m Abstand zu dem Staubteufel beendet muss einen STR-Rettungswurf machen.<br>Bei Fehlschlag: 1W8 Wuchtschaden und wird 3 m von Staubteufel weggeschleudert<br>Bei Erfolg: Halb so viel Schaden und nicht weggestoßen.<br>Als Bonus Aktion kann sich der Staubteufel bis zu 9 m in eine beliebige Richtung bewegen. Staub, Kies, Sand und loser Schmutz wird dabei aufgesammelt und bildet eine Trümmerwolke mit 3 m Radius bis zum Beginn deines nächsten Zuges. Die Wolke verdunkelt das Gebiet stark.<br><br><b>Auf höheren Level gewirkt:</b> pro Level 1W8 mehr Schaden;Druide
2;Spurloses Gehen;Level 2 Bannmagie;1 Aktion;Selbst;V, G, M;Konzentration, bis zu 1 h;(Asche von verbrannten Mistel- oder Fichtenzweigen) Ein Schleier aus Schatten und Stille umgibt dich und deine Begleiter.<br>Für die Wirkungsdauer hat jede Kreatur deiner Wahl mit bis zu 9 m Abstand von dir +10 auf Heimlichkeit-Würfe und kann nur mit Magie aufgespürt werden.<br>Ihr hinterlasst keine Fährten oder andere Spuren.;Druide / Stab der Wälder
2;Schwache Genesung;Level 2 Bannmagie;1 Aktion;Berührung;V, G;Unmittelbar;Du berührst eine Kreatur und beendest entweder Krankheit oder einen Zustand (blind, taub, gelähmt, vergiftet).;Druide
2;Schutzwind;Level 2 Hervorrufung;1 Aktion;Selbst (3 m Sphäre);V;Konzentration, bis zu 10 min;Ein starker Wind (32 km/h) weht in einem 3 m Radius um dich herum, bewegt sich, zentriert auf dich mit dir mit.<br>Der Wind hält für die Dauer des Zaubers an.<br>Macht dich und andere Kreaturen in seinem Bereich taub. Löscht ungeschützte Flammen der Größe einer Fackel und kleiner in seinem Bereich.<br>Sein Gebiet ist für andere Kreaturen schwieriges Terrain. Fernangriffe durch den Wind durch haben Nachteil.<br>Vertreibt Dampf, Gas und Nebel, die durch den starken Wind zerstreut werden.;Druide
2;Schutz vor Gift;Level 2 Bannmagie;1 Aktion;Berührung;V, G;1 h;Du berührst eine Kreatur.<br>Ist es vergiftet, neutralisierst du das Gift, bei mehreren ein bekanntes oder ein zufälliges.<br>Für die Wirkungsdauer ist das Ziel bei Rettungswürfen gegen Gift im Vorteil und gegen Giftschaden resistent.;Druide
2;Rindenhaut;Level 2 Verwandlungsmagie;1 Aktion;Berührung;V, G, M;Konzentration, bis zu 1 h;(Handvoll Eichenrinde) Du berührst eine willige Kreatur.<br>Für die Wirkungsdauer wird die Haut des Ziels rau und rindenartig und seine RK ist mindestens 16, egal welche Rüstung es trägt.;Druide / Stab der Wälder
2;Person festhalten;Level 2 Verzauberung;1 Aktion;18 m;V, G, M;Konzentration, bis zu 1 min;(kleines gerades Stück Eisen) Wähle einen Humanoid in Reichweite, den du sehen kannst.<br>Das Ziel muss einen WIS-Rettungswurf erfolgreich bestehen oder es wird für die Wirkungsdauer gelähmt.<br>Am Ende jedes seiner Züge kann es einen weiteren WIS-Rettungswurf machen, bei Erfolg endet der Zauber.<br><br><b>Auf höheren Level gewirkt:</b> pro Level 1 Humanoid mehr als Ziel. Die Ziele dürfen nicht mehr als 9 m voneinander entfernt sein.;Druide / (Eisiges Land)
2;Netz;Level 2 Beschwörung;1 Aktion;18 m (6 m Würfel);V, G, M;Konzentration, bis zu 1 h;(wenig Spinnennetz) Du beschwörst ein dichtes, klebriges Netz in einem 6 m Würfel an einem Ort deiner Wahl in Reichweite. Die Netze sind schwieriges Terrain und verschleiern den Bereich leicht.<br>Es muss zwischen Mauern, Wänden, Bäumen oder über den Fußboden, eine Wand oder eine Ecke gespannt sein. Ansonsten fällt es am Beginn deines nächsten Zuges in sich zusammen.<br>Ein gespanntes Netz hat eine Dicke von 1,5 m.<br>Jede Kreatur, die den Zug in dem Netz beginnt oder das Netz betritt, muss einen DEX-Rettungswurf machen.<br>Bei Fehlschlag: festgesetzt, solange es in den Netzen ist oder bis es sich befreit.<br>Eine festgesetzte Kreatur kann als Aktion einen STR-Rettungswurf machen.<br>Bei Erfolg: nicht mehr festgesetzt.<br>Die Netze sind brennbar und verbrennen innerhalb eines 1,5 m Würfels innerhalb von einer Runde. Alle Kreaturen, die ihren Zug innerhalb des verbrennenden Bereichs beginnen, erhalten 2W4 Feuerschaden.;Druide (Tropisches Land)
2;Nebelschritt;Level 2 Beschwörung;1 Bonus Aktion;Selbst;V;Unmittelbar;Du wirst von silbrigem Nebel umgeben und teleportierst dich bis zu 9 m weit an eine freie Stelle, die du sehen kannst.;Druide (Gemäßigtes Land)
2;Mondstrahl;Level 2 Hervorrufung;1 Aktion;36 m (12 m x 1,5 m Zylinder);V, G, M;Konzentration, bis zu 1 min;(mehrere Mondsamen und 1 Stück Feldspat) Ein silbriger Strahl gedimmtes Licht scheint in einem 12 m hohen Zylinder mit einem 1,5 m Radius auf einen Punkt in Reichweite herab.<br>Wenn eine Kreatur in dem Bereich ihren Zug beginnt oder diesen zum ersten Mal betritt, wird sie von geisterhaften Flammen eingehüllt.<br>Sie muss einen CON-Rettungswurf machen.<br>Bei Fehlschlag: 2W10 Strahlenschaden, sonst die Hälfte<br>Gestaltwandler sind beim Rettungswurf im Nachteil. Bei Fehlschlag nimmt er seine ursprüngliche Gestalt wieder an, bis er das Licht des Zaubers verlässt.<br>Der Mondstrahl kann als Aktion 18 m in eine beliebige Richtung bewegt werden.<br><br><b>Auf höheren Level gewirkt:</b> pro Level 1W10 mehr Schaden;Druide
2;Metall erhitzen;Level 2 Verwandlungsmagie;1 Aktion;18 m;V, G, M;Konzentration, bis zu 1 min;(Stück Eisen und eine Flamme) Wähle einen verarbeiteten Gegenstand aus Metall in Reichweite, den du sehen kannst. Dieser wird glühend heiß.<br>Alle Kreaturen in physischem Kontakt mit dem Gegenstand erleiden 2W8 Feuerschaden.<br>Bis der Zauber endet kannst du mit einer Bonus Aktion den Schaden erneut verursachen.<br>Eine Kreatur, die den Gegenstand hält oder trägt muss einen CON-Rettungswurf bestehen um den Gegenstand, falls möglich, fallenzulassen.<br>Falls der Gegenstand nicht fallengelassen wird, ist die Kreatur bis zum Beginn deines nächsten Zuges im Nachteil bei Angriffs- und Fertigkeitswürfen.<br><br><b>Auf höheren Level gewirkt:</b> pro Level 1W8 mehr Schaden;Druide
2;Luftblase;Level 2 Beschwörung;1 Aktion;18 m;G;24 h;Du erschaffst eine spektrale Kugel um einen Kopf einer willigen Kreatur, die du in Reichweite sehen kannst. Die Kugel ist für die Wirkungsdauer mit frischer Luft gefüllt.<br><br><b>Auf höheren Level gewirkt:</b> pro Level 2 zusätzliche Kugeln;Druide
2;Himmelschreiben;Level 2 Verwandlungsmagie (Ritual);1 Aktion;Sicht;V, G;Konzentration, bis zu 1 h;Bis zu 10 Worte erscheinen an einem Teil des Himmels, den du sehen kannst.<br>Die Worte scheinen aus Wolken zu bestehen und bleiben für die Wirkungsdauer dort.<br>Ein starker Wind kann die Wolken zerstreuen und den Zauber vorzeitig beenden, ansonsten bleiben die Worte bis um Ende des Zaubers bestehen.;Druide
2;Gegenstand aufspüren;Level 2 Erkenntnismagie;1 Aktion;Selbst (300 m Sphäre);V, G, M;Konzentration, bis zu 10 min;(gespaltener Zweig) Beschreibe oder nenne einen Gegenstand, mit dem du vertraut bist (mind. einmal aus max 9 m Entfernung gesehen).<br>Du spürst dessen Aufenthaltsort in einem Radius von bis zu 300 m. Wenn er sich bewegt, kennst du seine Bewegungsrichtung. <br>Der Zauber kann auch eine bestimmte Art Gegenstände, wie Möbel, Schmuck, Kleidung oder ähnliches, aufspüren.<br>Blei auf direktem Weg zu dem Gegenstand blockiert den Zauber.;Druide
2;Flammenkugel;Level 2 Beschwörung;1 Aktion;18 m (1,5 m Sphäre);V, G, M;Konzentration, bis zu 1 min;(Talg, Schwefel und Eisenpulver) Eine Flammende Sphäre mit 1,5 m Durchmesser erscheint an einer freien Stelle deiner Wahl in Reichweite und bleibt dort für die Wirkungsdauer bestehen. Jede Kreatur, die ihren Zug innerhalb von 1,5 m um die Sphäre beendet, muss einen DEX-Rettungswurf machen.<br>Bei Fehlschlag: 2W6 Feuerschaden, sonst die Hälfte<br>Als Bonus Aktion kannst du die Sphäre um bis zu 9 m bewegen. Wenn die Sphäre eine Kreatur rammt, muss sie einen DEX-Rettungswurf gegen den Schaden der Sphäre durchführen und die Sphäre beendet ihre Bewegung. Sie kann über bis zu 1,5 m Hürden und bis zu 3 m breite Gruben bewegt werden. Sie entzündet brennbare Gegenstände, die nicht getragen oder gehalten werden. Sie strahlt in 6 m Radius helles Licht und gedimmtes Licht für weitere 6 m aus.<br><b>Auf höheren Level gewirkt:</b> pro Level 1W6 mehr Schaden;Druide
2;Flammenklinge;Level 2 Hervorrufung;1 Aktion;Selbst;V, G, M;Konzentration, bis zu 10 min;(Sumach-Blatt) Eine Krummsäbel-artige Flammenklinge erscheint in deiner freien Hand für die Wirkungsdauer.<br>Wenn du die Klinge loslässt, verschwindet sie und du kannst sie mit einer Bonus Aktion wieder beschwören.<br>Als Magie Aktion kannst du einen Nahkampfangriff mit der Klinge machen.<br>Bei Treffer: 3W6 Feuerschaden + dein Zauberfähigkeit-Modifikator<br>Die Flammenklinge gibt 3 m helles Licht und weitere 3 m gedimmtes Licht ab.<br><br><b>Auf höheren Level gewirkt:</b> pro Level 1W6 mehr Schaden;Druide
2;Fallen finden;Level 2 Erkenntnismagie;1 Aktion;36 m;V, G;Unmittelbar;Du spürst die Gegenwart von Fallen in Reichweite und Sichtlinie.<br>Offenbart keine natürlichen Schwachstellen im Boden, instabile Decken oder ähnliches. Der Zauber zeigt nur das Vorhandensein einer Falle.<br>Du erfährst nichts über die genauen Positionen der Fallen, aber die allgemeine Art der Gefahr.;Druide
2;Erdbindung;Level 2 Verwandlungsmagie;1 Aktion;90 m;V;Konzentration, bis zu 1 min;Wähle eine Kreatur in Reichweite, die du siehst.<br>Gelbe, magische Streifen umkreisen das Ziel.<br>Es muss einen STR-Rettungswurf machen oder seine Fluggeschwindigkeit wird für die Wirkungsdauer des Zaubers auf 0 reduziert.<br>Eine Kreatur in der Luft sinkt mit 18 m pro Runde zu Boden, bis der Zauber endet oder der Boden erreicht ist.;Druide
2;Dunkelsicht;Level 2 Verwandlungsmagie;1 Aktion;Berührung;V, G, M;8 h;(Prise getrocknete Karotte oder Achat) Du berührst eine willige Kreatur.<br>Du gibst ihr die Fähigkeit, im Dunkeln zu sehen. Für die Wirkungsdauer hat das Ziel Dunkelsicht mit 18 m Reichweite.;Druide
2;Dornenwuchs;Level 2 Verwandlungsmagie;1 Aktion;45 m (6 m Radius);V, G, M;Konzentration, bis zu 10 min;(7 scharfe Dornen oder geschärfte Zweige) Der Boden in einem 6 m Radius, auf einen Punkt in Reichweite zentriert, wird von Stacheln und Dornen bewachsen.<br>Der Bereich wird für die Wirkungsdauer zu schwierigem Terrain.<br>Bewegt sich eine Kreatur in oder innerhalb des Bereiches erleidet sie pro 1,5 m 2W4 Stichschaden.<br>Der Boden ist getarnt und sieht natürlich aus. Jede Kreatur, die den Bereich nicht sehen kann wenn der Zauber gewirkt wird, muss einen WIS-Rettungswurf bestehen um das Gelände vor dem Betreten als gefährlich wahrzunehmen.;Druide
2;Dauerhafte Flamme;Level 2 Hervorrufung;1 Aktion;Berührung;V, G, M;Bis Zauber gebannt wird;(Rubinstaub im Wert von mind. 50 GM) Eine Flamme, etwa so hell wie eine Fackel, entspringt einem Gegenstand, den du berührst.<br>Der Effekt sieht aus wie eine gewöhnliche Flamme, erzeugt jedoch keine Hitze und verbraucht keinen Sauerstoff.<br>Eine Dauerhafte Flamme kann verdeckt oder verborgen, aber nicht erstickt oder gelöscht werden.;Druide
2;Beistand;Level 2 Bannmagie;1 Aktion;9 m;V, G, M;8 h;(weißer Stoff) Wähle bis zu 3 Kreaturen in Reichweite.<br>Das TP-Maximum und die aktuellen TP erhöhen sich um 5 für die Wirkungsdauer bei allen Zielen.<br><br><b>Auf höheren Level gewirkt:</b> pro Level 1 weitere Kreatur als Ziel wählbar.;Druide
2;Attribut verbessern;Level 2 Verwandlungsmagie;1 Aktion;Berührung;V, G, M;Konzentration, bis zu 1 h;(Fell oder Feder von einem Tier) Du berührst eine Kreatur und verleihst einen der folgenden wählbaren Effekte:<br> * <b>Anmut der Katze:</b> DEX-Würfe immer mit Vorteil und kein Fallschaden bis max 6 m<br> * <b>Ausdauer des Bären:</b> CON-Würfe immer mit Vorteil und 2W6 temporäre TP für Wirkungsdauer<br> * <b>Gerissenheit des Fuchses:</b> INT-Würfe immer mit Vorteil<br> * <b>Pracht des Adlers:</b> CHA-Würfe immer mit Vorteil<br> * <b>Stärke des Stiers:</b> STR-Würfe immer mit Vorteil und Traglast verdoppelt<br> * <b>Weisheit der Eule:</b> WIS-Würfe immer mit Vorteil<br><br><b>Auf höheren Level gewirkt:</b> pro Level 1 zusätzliche Kreatur als Ziel wählbar.;Druide
1;Wunden heilen;Level 1 Hervorrufung;1 Aktion;Berührung;V, G;Unmittelbar;Eine Kreatur, die du berührst, gewinnt 1W8 + dein Zauberfähigkeit-Modifikator an TP zurück.<br>Der Zauber hat keine Auswirkungen auf Untote oder Konstrukte.<br><br><b>Auf höheren Level gewirkt:</b> pro Level 1W8 mehr Heilung.;Druide
1;Wasser erschaffen oder zerstören;Level 1 Verwandlungsmagie;1 Aktion;9 m;V, G, M;Unmittelbar;(Prise Pulver oder mehrfarbiger Sand) <b>Wasser erschaffen:</b> Du erschaffst bis zu 40 l sauberes Wasser in einem offenen Behälter in Reichweite. Alternativ fällt das Wasser als Regen in einem 9 m Würfel in Reichweite und löscht offene Flammen in dem Bereich.<br><br><b>Wasser zerstören:</b> Du zerstörst bis zu 40 l Wasser in einem offenen Behälter in Reichweite. Alternativ zerstörst du Nebel in einem 9 m Würfel in Reichweite.<br><br><b>Auf höheren Level gewirkt:</b> 45 l Wasser oder Würfel pro Level um 1,5 m vergrößert;Druide
1;Verstricken;Level 1 Beschwörung;1 Aktion;27 m (6 m Quadrat);V, G;Konzentration, bis zu 1 min;Unkraut und Ranken wachsen in einem 6 m Quadrat in Reichweite aus dem Boden.<br>Während der Wirkungsdauer ist dieser Bereich schwieriges Terrain.<br>Jede Kreatur, die in dem Bereich ist, wenn der Zauber gewirkt wird, muss einen STR-Rettungswurf bestehen, andernfalls werden sie von den Pflanzen umschlungen und festgesetzt.<br>Diese Kreaturen können als Aktion einen STR-Rettungswurf machen.<br>Bei Erfolg befreien sie sich.<br>Wenn der Zauber endet, verwelken die beschworenen Pflanzen.;Druide
1;Vertrauten finden;Level 1 Beschwörung (Ritual);1 h;3 m;V, G, M;Unmittelbar;(Holzkohle, Weihrauch und Kräuter im Wert von 10 GM, die in einer Feuerschale aus Messing von Flammen verzehrt werden) Es erscheint ein Vertrauter Tiergeist, in einer Gestalt deiner Wahl, an einer freien Stelle in Reichweite.<br>Er erhält die Werte der gewählten Bestie, ist aber ein himmlisches, teuflisches oder Feen-Wesen.<br>Der Vertraute ist unabhängig von dir, vor allem im Kampf, befolgt aber deine telepathischen Befehle mit bis zu 30 m Abstand. Im Kampf kann er aber nicht angreifen.<br>Du kannst als Aktion durch seine Sinne die Welt wahrnehmen. Deine Eigenen sind dann blind und taub.<br>Du kannst durch ihn Zauber mit Berührungsreichweite wirken. Der Vertraute nutzt dafür seine Reaktion und muss in bis zu 30 m Abstand zu dir sein. Für Zauberangriffswürfe wird dein Zauberangriffsbonus verwendet.<br>Du kannst deinen Vertauten zurück rufen. Er verschwindet bis du ihn wieder rufst oder für immer. Bei Wiederruf erscheint er an einer freien Stelle in bis zu 9 m Entfernung.<br>Bei erneuten Wirken des Zaubers, wenn du einen Vertrauten hast, ändert dieser seine Gestalt. Der Vertraute verschwindet, wenn seine TP auf 0 sinken.;Druide (Wilder Begleiter)
1;Tierfreundschaft;Level 1 Verzauberung;1 Aktion;9 m;V, G, M;24 h;(etwas zu Essen) Du überzeugst ein Tier, dass du freundlich ihm gegenüber bist.<br>Wähle ein Tier in Reichweite, das du sehen kannst und das dich sehen und hören kann.<br>Es schlägt fehl, wenn der INT-Wert des Tieres größer als 3 ist.<br>Das Tier muss einen WIS-Rettungswurf machen oder es wird für die Wirkungsdauer von dir bezaubert.<br>Wenn du oder einer deiner Begleiter das Ziel verletzt, endet der Zauber.<br><br><b>Auf höheren Level gewirkt:</b> pro Level 1 zusätzliches Tier;Druide / Stab der Wälder
1;Tierbindung;Level 1 Erkenntnismagie;1 Aktion;Berührung;V, G, M;Konzentration, bis zu 10 min;(Stück in Tuch gewickeltes Fell) Du stellst eine telepathische Verbindung zu einem Tier her, das du berührst und dir freundlich gesinnt oder von dir bezaubert ist.<br>Es schlägt fehl, wenn der INT-Wert des Tieres größer als 3 ist.<br>Die Verbindung ist für die Wirkungsdauer aktiv, solange du und das Tier in Sichtweite zueinander seid.<br>Das Tier versteht deine telepathischen Botschaften und sendet dir Emotionen und Konzepte.<br>Das Tier bekommt, für die Wirkungsdauer, Vorteil auf Angriffe gegen jede Kreatur in 1,5 m Entfernung von dir, die du sehen kannst.;Druide
1;Strahl der Übelkeit;Level 1 Nekromantie;1 Aktion;18 m;V, G;Unmittelbar;Ein Strahl aus kränklich grüner Magie fliegt auf eine Kreatur in Reichweite.<br>Du machst einen Fernkampf-Zauberangriff gegen das Ziel.<br>Bei Treffer: 2W6 Giftschaden und es muss einen CON-Rettungswurf machen.<br>-> Bei Fehlschlag: bis Ende seines nächsten Zuges ist es Vergiftet<br><br><b>Auf höheren Level gewirkt:</b> pro Level 1W8 mehr Giftschaden;Druide (Tropisches Land)
1;Springen;Level 1 Verwandlungsmagie;1 Aktion;Berührung;V, G, M;1 min;(Hinterbein einer Heuschrecke) Du berührst eine Kreatur.<br>Die Sprungdistanz der Kreatur wird verdreifacht, bis der Zauber endet.;Druide
1;Schutz vor Gut und Böse;Level 1 Bannmagie;1 Aktion;Berührung;V, G, M;Konzentration, bis zu 10 min;(Weihwasser oder Silber- / Eisenpulver) Eine willige Kreatur, die du berührst, wird für die Wirkungsdauer vor bestimmten Kreaturtypen beschützt:<br>Aberrationen, himmlischen und teuflischen Wesen, Feen und Untoten.<br>Kreaturen dieser Typen sind bei Angriffen auf das Ziel im Nachteil.<br>Es ist bei Rettungswürfen gegen Bezaubern, Verängstigen oder Besessen sein im Vorteil.;Druide
1;Schlaf;Level 1 Verzauberung;1 Aktion;27 m;V, G, M;1 min;(Prise feiner Sand oder Rosenblüttenblätter oder 1 Grille) Du versetzt Kreaturen in magischen Schlaf.<br>Wirf 5W8, die Summe ergibt die maximale TP-Zahl an Kreaturen auf die der Zauber gewirkt werden kann.<br>Kreaturen in Abstand von 6 m zu Punkt deiner Wahl in Reichweite sind in aufsteigender TP-Anzahl betroffen (bewusstlose werden ignoriert).<br>Subtrahiere die TP jeder Kreatur von der Summe. Die TP der nächsten zu betreffende Kreatur muss kleiner oder gleich der verbleibenden Summe sein um betroffen zu werden.<br>Jede betroffene Kreatur verliert sein Bewusstsein. Der Zustand hält an für die Wirkungsdauer, der Schlafende Schaden erleidet oder jemand den Schlafenden mit einer Aktion aufweckt.<br>Der Zauber wirkt nicht auf Untote oder Kreaturen mit Verteidigung gegen Bezauberung.<br><b>Auf höheren Level gewirkt:</b> pro Level 2W8 mehr für TP Summe;Druide (Gemäßigtes Land)
1;Person bezaubern;Level 1 Verzauberung;1 Aktion;9 m;V, G;1 h;Du versuchst einen Humanoiden in Reichweite, den du sehen kannst, zu bezaubern.<br>Er muss einen WIS-Rettungswurf machen.<br>Das Ziel hat einen Vorteil, wenn du oder deine Begleiter gegen ihn kämpfen.<br>Bei Fehlschlag: Ziel bekommt Status Bezaubert bis du oder deine Begleiter ihm Schaden machen.<br>Humanoid betrachtet dich als freundlichen Bekannten.<br>Nach Ende des Zaubers weiß die Kreatur, das sie von dir bezaubert wurde.<br><br><b>Auf höheren Level gewirkt:</b> pro Level 1 weitere Kreatur als Ziel gleichzeitig wählbar. Alle Ziele müssen in Abstand von bis zu 9 m voneinander sein.;Druide
1;Nebelwolke;Level 1 Beschwörung;1 Aktion;36 m (6 m Sphäre);V, G;Konzentration, bis zu 1 h;Du erschaffst eine Sphäre aus Nebel mit 6 m Radius zentriert auf einen Ort in Reichweite.<br>Die Sphäre breitet sich auch um Ecken aus und ihr Bereich ist komplett verschleiert.<br>Sie bleibt für die Wirkungsdauer bestehen oder bis ein mäßiger oder stärkerer Wind (mind. 16 km/h) den Nebel auflöst.<br><br><b>Auf höheren Level gewirkt:</b> pro Level steigt der Radius um 6 m;Druide / (Eisiges Land)
1;Nahrung und Wasser reinigen;Level 1 Verwandlungsmagie (Ritual);1 Aktion;3 m (1,5 m Sphäre);V, G;Unmittelbar;Alle nichtmagischen Nahrungsmittel und Getränke in einer 1,5 m Sphäre, auf einen Punkt deiner Wahl in Reichweite zentriert, werden von Giften und Krankheiten gereinigt.;Druide
1;Mit Tieren sprechen;Level 1 Erkenntnismagie (Ritual);1 Aktion;Selbst;V, G;10 min;Für die Wirkungsdauer kannst du alle Tiere verstehen und verbal mit ihnen kommunizieren.<br>Das Wissen und die Wahrnehmung vieler wird durch ihren INT-Wert eingeschränkt.<br>Grundlegende Informationen zu Orten und Monstern in der Nähe, sowie Ereignisse des letzten Tages können sie aber mitteilen.<br>Du kannst ein Tier auch zu einem kleinen Gefallen überreden.;Druide / Stab der Wälder
1;Magie entdecken;Level 1 Erkenntnismagie (Ritual);1 Aktion;Selbst (9 m Sphäre);V, G;Konzentration, bis zu 3 min;Während der Wirkungsdauer nimmst du Magie im Abstand von bis zu 9 m von dir wahr.<br>Magie erscheint als Aura um magische Kreaturen oder Objekte und du erkennst deren magische Schule, falls vorhanden.<br>Der Zauber durchdringt Barrieren bis zu 30 cm Stein, 2,5 cm Metall, dünnes Blei oder 1 m Holz.;Druide
1;Lange Schritte;Level 1 Verwandlungsmagie;1 Aktion;Berührung;V, G, M;1 h;(eine Prise Dreck) Du berührst eine Kreatur.<br>Während der Wirkungsdauer steigt dessen Bewegungsgeschwindigkeit um 3 m.<br><br><b>Auf höheren Level gewirkt:</b> pro Level 1 zusätzliches Wesen als Ziel;Druide
1;Heilendes Wort;Level 1 Hervorrufung;1 Bonus Aktion;18 m;V;Unmittelbar;Eine Kreatur deiner Wahl in Reichweite, die du sehen kannst, gewinnt 1W4 + dein Zauberfähigkeit-Modifikator an TP zurück.<br>Wirkt nicht auf Untote oder Konstrukte.<br><br><b>Auf höheren Level gewirkt:</b> pro Level 1W4 mehr Heilung;Druide
1;Gute Beeren;Level 1 Verwandlungsmagie;1 Aktion;Berührung;V, G, M;Unmittelbar; (Mistelzweig) Bis zu 10 magiegefüllte Beeren erscheinen in deiner Hand.<br>Kreaturen können als Aktion eine Beere essen, dadurch wird 1 TP wiederhergestellt und sie werden 1 Tag lang gesättigt.<br>Die Beeren verlieren nach 24 h ihre Wirksamkeit.;Druide
1;Gift und Krankheit entdecken;Level 1 Erkenntnismagie (Ritual);1 Aktion;Selbst (9 m Sphäre);V, G, M;Konzentration, bis zu 10 min;(Eibenblatt) Während der Wirkungsdauer erkennst du die Position von Giften, giftigen Kreaturen und Krankheiten im Abstand von bis zu 9 m von dir.<br>Du erkennst auch die Art des Gifts, der Kreatur oder der Krankheit.<br>Der Zauber durchdringt die meisten Barrieren, wird aufgehalten von 30 cm Stein, 2,5 cm Metall, dünnem Blei und 1 m Holz oder Erde.;Druide
1;Feenfeuer;Level 1 Hervorrufung;1 Aktion;18 m (6 m Würfel);V;Konzentration, bis zu 1 min;Jeder Gegenstand in einem 6 m Würfel in Reichweite wird von einfarbigem Licht eingerahmt. Auch Kreaturen werden umrahmt, es sei denn sie bestehen einen DEX-Rettungswurf.<br>Während der Wirkungsdauer geben die betroffenen Ziele in einem 3 m Radius ein gedimmtes Licht ab.<br>Angreifer sind bei Angriffen gegen die betroffene Ziele im Vorteil, wenn sie ihr Ziel sehen können. Betroffene profitieren nicht von Unsichtbarkeit.;Druide
1;Erdrütteln;Level 1 Hervorrufung;1 Aktion;Selbst (3 m Kreis);V, G;Unmittelbar;Du verursachst ein Beben im Boden in einem 3 m Radius um dich herum.<br>Jede Kreatur, außer dir, in dem Bereich muss einen DEX-Rettungswurf machen.<br>Bei Fehlschlag: 1W6 Wuchtschaden und sie wird auf den Boden geworfen.<br>Ein Boden aus loser Erde oder Stein wird zu schwierigen Terrain, bis er durch eine Aktion geräumt wird.<br><br><b>Auf höheren Level gewirkt:</b> pro Level 1W6 mehr Wuchtschaden;Druide
1;Elemente absorbieren;Level 1 Bannmagie;1 Reaktion, die du nimmst, wenn du Säure-, Kälte-, Feuer-, Blitz- oder Donnerschaden erleidest;Selbst;G;1 h;Fängt ein wenig der Energie ab, schwächt den Effekt auf dich und speichert sie für deinen nächsten Nahkampfangriff.<br>Du erhältst bis zum Beginn deines nächsten Zuges Resistenz gegen den auslösenden Schadenstyp.<br>Bei deinem ersten Nahkampfangriff in deinem nächsten Zug nimmt dein Ziel 1W6 Extraschaden des auslösenden Schadenstyps.<br><br><b>Auf höheren Level gewirkt:</b> pro Level 1W6 mehr Extraschaden;Druide
1;Eismesser;Level 1 Beschwörung;1 Aktion;18 m (1,5 m Sphäre);G, M;Unmittelbar;(Wassertropfen oder Stück Eis) Du schleuderst einen Eissplitter gegen eine Kreatur in Reichweite.<br>Du machst einen Fernkampf-Zauberangriff gegen das Ziel.<br>Bei Treffer: 1W10 Stichschaden<br>Der Splitter explodiert, egal ob du getroffen hast, und lässt das Ziel und jede Kreatur in 1,5 m Radius vom Ziel aus einen DEX-Rettungswurf machen.<br>Bei Fehlschlag: 2W6 Kälteschaden<br><br><b>Auf höheren Level gewirkt:</b> pro Level 1W6 mehr Kälteschaden;Druide
1;Donnerwoge;Level 1 Hervorrufung;1 Aktion;Selbst (4,5 m Würfel);V, G;Unmittelbar;Eine Woge von Schallenergie bricht aus dir heraus.<br>Alle Kreaturen in einem 4,5 m Würfel, von dir aus, müssen einen CON-Rettungswurf machen.<br>Bei Fehlschlag: 2W8 Schallschaden und 3 m von dir weggestoßen<br>Bei Erfolg: Hälfte des Schadens und nicht weggestoßen<br>Ungesicherte Objekte, die vollständig im Wirkungsbereich sind, werden 3 m weggestoßen.<br>Der Zauber bewirkt einen 90 m weit hörbaren Knall.<br><br><b>Auf höheren Level gewirkt:</b> pro Level 1W8 mehr Schallschaden;Druide
1;Brennende Hände;Level 1 Hervorrufung;1 Aktion;Selbst (4,5 m Kegel);V, G;Unmittelbar;Eine Flammenwand erscheint vor dir.<br>Kreaturen innerhalb eines 4,5 m Kegel vor dir müssen einen DEX-Rettungswurf machen.<br>Bei Fehlschlag: 3W6 Feuerschaden, sonst die Hälfte<br>Das Feuer entzündet nicht getragene oder gehaltene, brennbare Gegenstände.<br><br><b>Auf höheren Level gewirkt:</b> pro Level 1W6 mehr Feuerschaden;Druide (Trockenes Land)
0;Windbö;Verwandlungsmagie Zaubertrick;1 Aktion;9 m;G;Unmittelbar;Du greifst die Luft und erzeugst einen der folgenden Effekte in Reichweite:<br><br> * Kreaturen kleiner oder mittlerer Größe, die du wählst, müssen einen STR-Rettungswurf bestehen oder wird 1,5 m von dir weggestoßen<br><br> * Der Windstoß bewegt einen kleinen, nicht gehaltenen Gegenstand (leichter als 2,5 kg) bis zu 3 m von dir weg. Diese Bewegung verursacht keinen Schaden.<br><br> * Du erzeugst einen harmlosen, sensorischen Effekt.;Druide
0;Wasser formen;Verwandlungsmagie Zaubertrick;1 Aktion;9 m;G;Unmittelbar / 1 h;Wähle eine Wasserfläche in Reichweite, die nicht größer als ein 1,5 m Würfel ist und manipuliere sie wie folgt:<br><br> * Du bewegst das Wasser um bis zu 1,5 m oder änderst anderweitig den Wasserstrom. Die Veränderung verursacht keinen Schaden.<br><br> * Du formst Formen mit dem Wasser. Es bewegt sich auf deine Anweisungen und hält die Formen für 1 h.<br><br> * Die Farbe oder Deckkraft verändert sich für 1 h, aber immer auf dieselbe Weise.<br><br> * Du frierst das Wasser ohne Lebewesen darin ein. Es taut nach 1 h wieder auf.<br><br>Du kannst nicht mehr als 2 der Effekte gleichzeitig aufrechterhalten. Sie sind als Aktion aufhebbar.;Druide
0;Verschonung der Toten;Nekromantie Zaubertrick;1 Aktion;Berührung;V, G;Unmittelbar;Du berührst eine lebende Kreatur mit 0 TP. Die Kreatur wird stabilisiert.<br>Der Zauber hat keine Auswirkungen auf Untote oder Konstrukte.;Druide
0;Urtümliche Wildheit;Verwandlungsmagie Zaubertrick;1 Aktion;Selbst;G;Unmittelbar;Du kanalisierst eine urtümliche Energie, die deine Zähne oder Fingernägel schärft um einen ätzenden Angriff zu machen.<br>Du machst einen Nahkampf-Zauberangriff gegen ein Ziel in 1,5 m Abstand zu dir.<br>Bei Treffer: 1W10 Säureschaden<br>Nach dem Angriff werden die Zähne oder Fingernägel wieder normal.<br><br><b>Auf höheren Level:</b> Schaden steigt um je 1W10 auf Level 5, 11 und 17.;Druide
0;Shillelagh;Beschwörung Zaubertrick;1 Bonus Aktion;Berührung;V, G, M;1 min;(Mistelzweig, Kleeblatt und Keule oder Stab) Das Holz der Keule oder des Stabs, den du hältst, wird von der Macht der Natur erfüllt.<br>Für die Wirkungsdauer kannst du für Angriffs- und Schadenswürfe von Angriffen mit der Waffe deinen Zauberfähigkeit-Modifikator anstelle von deinem STR-Modifikator nutzen.<br>Der Schadenswürfel der Waffe wird zu einem W8 und die Waffe wird magisch.<br>Der Zauber endet, wenn er erneut gewirkt oder die Waffe losgelassen wird.;Druide
0;Schockgriff;Hervorrufung Zaubertrick;1 Aktion;Berührung;V, G;Unmittelbar;Blitze springen aus deinen Händen und verpassen einer Kreatur, die du zu berühren versuchst, einen Schock.<br>Führe einen Nahkampf-Zauberangriff gegen das Ziel durch. Du hast einen Vorteil beim Angriffswurf, wenn das Ziel eine Metall-Rüstung trägt.<br>Bei Treffer: 1W8 Blitzschaden und kann bis zum Beginn deines nächsten Zuges keine Reaktion durchführen<br><br><b>Auf höheren Level:</b> Schaden steigt um je 1W8 auf Level 5, 11 und 17.;Druide (Gemäßigtes Land)
0;Säurespritzer;Beschwörung Zaubertrick;1 Aktion;18 m;V, G;Unmittelbar;Du schleuderst eine Blase aus Säure.<br>Wähle 1 oder 2 Kreaturen, die sich innerhalb von 1,5 m voneinander befinden, in Reichweite.<br>Das Ziel muss einen DEX-Rettungswurf bestehen oder erleidet 1W6 Säureschaden.<br><br><b>Auf höheren Level:</b> Schaden steigt um je 1W6 auf Level 5, 11 und 17.;Druide (Tropisches Land)
0;Resistenz;Bannmagie Zaubertrick;1 Aktion;Berührung;V, G, M;Konzentration, bis zu 1 min;(ein Miniatur Mantel) Du berührst eine willige Kreatur.<br>Einmal bevor der Zauber endet kann das Ziel 1W4 werfen und das Ergebnis zu einem Rettungswurf seiner Wahl addieren.<br>Es kann den Würfel vor oder nach dem Rettungswurf werfen.<br>Nach dem Wurf endet der Zauber.;Druide
0;Magiestein;Verwandlungsmagie Zaubertrick;1 Bonus Aktion;Berührung;V, G;1 min;Du berührst 1 bis 3 Kieselsteine. Du oder eine andere Kreatur kann mit einem der Steine einen Fernkampf-Zauberangriff durchführen, in dem der Stein geworfen oder geschleudert wird. Bei Wurf hat er eine Reichweite von 18 m. Wenn jemand anderes mit dem Stein angreift, wird dein Zauberfähigkeits-Modifikator für den Angriff verwendet.<br>Bei Treffer: 1W6 + dein Zauberfähigkeits-Modifikator Wuchtschaden<br>Egal ob Treffer oder Fehlschuss, der Zauber endet auf dem geworfenen Stein.<br>Wenn du den Zauber erneut wirkst, endet der Zauber auf allen Steinen, die noch davon betroffen sind.;Druide
0;Lagerfeuer erschaffen;Beschwörung Zaubertrick;1 Aktion;18 m (1,5 m Würfel);V, G;Konzentration, bis zu 1 min;Du erschaffst ein Lagerfeuer in Reichweite auf dem Boden, den du sehen kannst.<br>Für die Wirkungsdauer füllt das Lagerfeuer einen 1,5 m Würfel.<br>Alle Kreaturen im Bereich des Feuers müssen einen DEX-Rettungswurf machen oder erleiden 1W8 Feuerschaden, auch wenn der Bereich des Lagerfeuers zum ersten Mal betreten oder der Zug dort beendet wird.<br><br><b>Auf höheren Level:</b> Schaden steigt um je 1W8 auf Level 5, 11 und 17.;Druide
0;Kältestrahl;Hervorrufung Zaubertrick;1 Aktion;18 m;V, G;Unmittelbar;Ein eisiger Strahl blau-weißen Lichts fliegt auf eine Kreatur in Reichweite. Du machst einen Fernkampf-Zauberangriff gegen das Ziel.<br>Bei Treffer: 1W8 Kälteschaden und seine Bewegungsgeschwindigkeit ist bis Beginn deines nächsten Zuges um 3 m reduziert.<br><br><b>Auf höheren Level:</b> Schaden steigt um je 1W8 auf Level 5, 11 und 17.;Druide (Eisiges Land)
0;Göttliche Führung;Erkenntnismagie Zaubertrick;1 Aktion;Berührung;V, G;Konzentration, bis zu 1 min;Du berührst eine willige Kreatur.<br>Einmal vor Ende des Zaubers kann das Ziel 1W4 würfeln und den Wurf auf das Ergebnis eines Fertigkeitenwurfs addieren.<br>Der W4 kann vor oder nach dem Fertigkeitenwurf geworfen werden. Dann endet der Zauber.;Druide
0;Glühwurm;Hervorrufung Zaubertrick;1 Aktion;18 m;V, G;Unmittelbar;Du schleuderst eine kleine Lichtkugel auf eine Kreatur oder einen Gegenstand in Reichweite.<br>Führe einen Fernkampf-Zauberangriff gegen das Ziel aus.<br>Bei Treffer: 1W8 Strahlenschaden und bis zum Ende deines nächsten Zuges gibt das Ziel in 3 m Radius gedimmtes Licht ab und kann nicht unsichtbar werden.<br><br><b>Auf höheren Level:</b> Schaden steigt um je 1W8 auf Level 5, 11 und 17.;Druide
0;Gift versprühen;Beschwörung Zaubertrick;1 Aktion;3 m;V, G;Unmittelbar;Eine Wolke giftiges Gas fliegt in Richtung einer Kreatur in Reichweite, die du siehst.<br>Das Ziel muss einen CON-Rettungswurf machen.<br>Bei Fehlschlag: 1W12 Giftschaden<br><br><b>Auf höheren Level:</b> Schaden steigt um je 1W12 auf Level 5, 11 und 17.;Druide (Urtümliche Ordnung)
0;Flammen kontrollieren;Verwandlungsmagie Zaubertrick;1 Aktion;18 m (1,5 m Würfel);G;Unmittelbar / 1h;Eine nichtmagische Flamme, die du in Reichweite sehen kannst und innerhalb eines 1,5 m Würfels ist, ist wie folgt beeinflussbar:<br><br>* Ausdehnen um 1,5 m in Richtung von Brennstoff.<br><br> * Die Flamme löschen.<br><br> * Du verdoppelst oder halbierst den Lichtbereich der Flamme oder / und veränderst ihre Farbe für 1 h.<br><br> * Einfache Formen erscheinen bis zu 1 h lang in den Flammen.<br><br>Du kannst bis zu 3 der anhaltenden Effekte gleichzeitig aufrechterhalten. Sie sind als Aktion aufhebbar.;Druide
0;Flammen erzeugen;Beschwörung Zaubertrick;1 Aktion;Selbst;V, G;10 min;Eine flackernde Flamme erscheint in deiner Hand, bleibt für die Wirkungsdauer bestehen und schadet weder dir noch deiner Ausrüstung.<br>Sie gibt in einem 3 m Radius helles Licht und für weitere 3 m gedimmtes Licht ab.<br>Der Zauber endet, wenn du ihn als Aktion beendest oder ihn erneut wirkst.<br>Du kannst mit der Flamme angreifen, das beendet den Zauber. Du kannst die Flamme auf eine Kreatur in bis zu 9 m Abstand von dir schleudern.<br>Mache einen Fernkampf-Zauberangriff gegen das Ziel.<br>Bei Treffer: 1W8 Feuerschaden<br><br><b>Auf höheren Level:</b> Schaden steigt um je 1W8 auf Level 5, 11 und 17.;Druide
0;Feuerpfeil;Hervorrufung Zaubertrick;1 Aktion;36 m;V, G;Unmittelbar;Ein Funkenwirbel fliegt auf eine Kreatur oder einen Gegenstand in Reichweite als Fernkampf-Zauberangriff gegen das Ziel.<br>Bei Treffer: 1W10 Feuerschaden.<br>Brennbare nicht getragene oder gehaltene Gegenstände werden bei einem Treffer entzündet.<br><br><b>Auf höheren Level:</b> Schaden steigt um je 1W10 auf Level 5, 11 und 17.;Druide (Trockenes Land)
0;Erfrierung;Hervorrufung Zaubertrick;1 Aktion;18 m;V, G;Unmittelbar;Ein betäubender Frost entsteht auf einer Kreatur in Reichweite, die du sehen kannst.<br>Das Ziel muss einen CON-Rettungswurf machen.<br>Bei Fehlschlag: 1W6 Kälteschaden und es hat Nachteil beim nächsten Waffenangriff vor Ende seines nächsten Zuges.<br><br><b>Auf höheren Level:</b> Schaden steigt um je 1W6 auf Level 5, 11 und 17.;Druide
0;Erde formen;Verwandlungsmagie Zaubertrick;1 Aktion;9 m;G;Unmittelbar / 1 h;Wähle ein Stück Erde oder Stein in Reichweite, das nicht größer als ein 1,5 m Würfel ist und manipuliere es wie folgt:<br><br> * Lose Erde ausheben und bis zu 1,5 m bewegen. Sie verursacht keinen Schaden beim Ablegen.<br><br> * Formen und / oder Farben erscheinen für 1 h auf Steinen oder Erde. Sie sind zu Wörtern, Mustern oder Bildern manipulierbar.<br><br> * Boden ist aus Erde oder Stein: Normales Terrain verwandelt sich für 1 h zu Schwierigen oder Schwieriges Terrain zu Normalen.<br><br>Du kannst nicht mehr als 2 der Effekte gleichzeitig aufrecht erhalten. Sie sind als Aktion aufhebbar.;Druide
0;Druidenkunst;Verwandlungsmagie Zaubertrick;1 Aktion;9 m;V, G;Unmittelbar;Mit den Geistern der Natur erzeugst du einen der folgenden magischen Effekte in Reichweite:<br><br>* Du erschaffst einen winzigen, harmlosen sensorischen Effekt, der für die nächsten 24 h das Wetter für deinen Ort vorhersagt (Gold = wolkenlos, Wolke = Regen, Schneeflocke = Schnee, oder ähnlich), erscheint für 1 Runde.<br><br>* Eine Blume erblüht, eine Samenkapsel öffnet sich oder eine Blattknospe blüht auf.<br><br>* Du entzündest oder löschst unmittelbar eine Kerze, Fackel oder ein kleines Lagerfeuer.<br><br>* Du erzeugst einen unmittelbaren, harmlosen sensorischen Effekt (fallende Blätter, Windhauch, …), dieser muss in einen 1,5 m Würfel passen.;Druide
0;Dornenpeitsche;Verwandlungsmagie Zaubertrick;1 Aktion;9 m;V, G, M;Unmittelbar;(der Stamm einer Pflanze mit Dornen) Du erschaffst eine lange, rankenartige mit Dornen bedeckte Peitsche, die auf deinen Befehl hin nach einer Kreatur in Reichweite schlägt.<br>Führe einen Nahkampf-Zauberangriff gegen das Ziel durch.<br>Bei Treffer: 1W6 Stichschaden und wenn es sich um eine große oder kleinere Kreatur handelt, wird sie 3 m auf dich zu gezogen.<br><br><b>Auf höheren Level:</b> Schaden steigt um je 1W6 auf Level 5, 11 und 17.;Druide
0;Donnerschlag;Hervorrufung Zaubertrick;1 Aktion;1,5 m;G;Unmittelbar;Du erzeugst einen donnernden Klang, der 9 m weit zu hören ist.<br>Jede Kreatur, außer dir, die sich im Umkreis von 1,5 m um dich befindet, muss einen CON-Rettungswurfmachen.<br>Bei Fehlschlag: 1W6 Donnerschaden.<br><br><b>Auf höheren Level:</b> Schaden steigt um je 1W6 auf Level 5, 11 und 17.;Druide
0;Botschaft;Verwandlungsmagie Zaubertrick;1 Aktion;36 m;V, G, M;1 Runde (6 s) / 1 h;(1 kurzes Stück Kupferdraht) Du deutest mit dem Finger auf eine Kreatur in Reichweite und flüsterst eine Botschaft. Nur das Ziel hört die Botschaft und kann in einem Flüstern antworten, das nur du hören kannst.<br>Wirkt durch feste Gegenstände, wenn du das Ziel kennst und weißt, dass es jenseits der Barriere ist. Muss keiner geraden Linie folgen.<br>Außerhalb eines Kampfes hält das für 1 h und im Kampf für 1 Runde.<br>Blockiert durch: Magische Stille, 9 cm Stein, 1,5 m Holz, eine dünne Schicht Blei oder gewöhnliches Metall.; Druide
0;Befall;Beschwörung Zaubertrick;1 Aktion;9 m;V, G, M;Unmittelbar;(eine lebende Fliege) Eine Wolke aus Fliegen, Milben und anderen Parasiten erscheint auf einer Kreatur in Reichweite, die du sehen kannst.<br>Das Ziel muss einen CON-Rettungswurf machen.<br>Bei Fehlschlag: 1W6 Giftschaden und es bewegt sich 1,5 m in eine zufällige Richtung (1W4: 1-Norden, 2-Süden, 3-Osten, 4-Westen), wenn es sich bewegen kann und der Weg frei ist. Die Bewegung provoziert keine Gelegenheitsangriffe.;Druide
0;Ausbessern;Verwandlungsmagie Zaubertrick;1 min;Berührung;V, G, M;Unmittelbar;(2 Magnetsteine) Repariert eine Bruchstelle oder einen Riss in einem Gegenstand, den du berührst.<br>Solange der Riss oder die Bruchstelle in keiner Dimension größer als 9 cm ist, bleibt keine Spur des vorherigen Schadens übrig.<br>Stellt nur die physische Form wieder her, nicht die Magie, die im Gegenstand war.;Druide
